Column1, Column2, Column3...
700102,
700103,
700104,
700105,
700106,
700107,
700108,
700109,
700110,
700111,
700112,
700113,
700114,
700115,
700116,
700117,
700118,
700119,
700120,
700121,
700122,
700123,
700124,
700125,
700126,
700127,
700128,
700129,
700130,
700131,
700201,
700202,
700203,
700204,
700205,
700206,
700207,
700208,
700209,
700210,
700211,
700212,
700213,
700214,
700215,
700216,
700217,
700218,
700219,
700220,
700221,
700222,
700223,
700224,
700225,
700226,
700227,
700228,
700301,
700302,
700303,
700304,
700305,
700306,
700307,
700308,
700309,
700310,
700311,
700312,
700313,
700314,
700315,
700316,
700317,
700318,
700319,
700320,
700321,
700322,
700323,
700324,
700325,
700326,
700327,
700328,
700329,
700330,
700331,
700401,
700402,
700403,
700404,
700405,
700406,
700407,
700408,
700409,
700410,
700411,
700412,
700413,
700414,
700415,
700416,
700417,
700418,
700419,
700420,
700421,
700422,
700423,
700424,
700425,
700426,
700427,
700428,
700429,
700430,
700501,
700502,
700503,
700504,
700505,
700506,
700507,
700508,
700509,
700510,
700511,
700512,
700513,
700514,
700515,
700516,
700517,
700518,
700519,
700520,
700521,
700522,
700523,
700524,
700525,
700526,
700527,
700528,
700529,
700530,
700531,
700601,
700602,
700603,
700604,
700605,
700606,
700607,
700608,
700609,
700610,
700611,
700612,
700613,
700614,
700615,
700616,
700617,
700618,
700619,
700620,
700621,
700622,
700623,
700624,
700625,
700626,
700627,
700628,
700629,
700630,
700701,
700702,
700703,
700704,
700705,
700706,
700707,
700708,
700709,
700710,
700711,
700712,
700713,
700714,
700715,
700716,
700717,
700718,
700719,
700720,
700721,
700722,
700723,
700724,
700725,
700726,
700727,
700728,
700729,
700730,
700731,
700801,
700802,
700803,
700804,
700805,
700806,
700807,
700808,
700809,
700810,
700811,
700812,
700813,
700814,
700815,
700816,
700817,
700818,
700819,
700820,
700821,
700822,
700823,
700824,
700825,
700826,
700827,
700828,
700829,
700830,
700831,
700901,
700902,
700903,
700904,
700905,
700906,
700907,
700908,
700909,
700910,
700911,
700912,
700913,
700914,
700915,
700916,
700917,
700918,
700919,
700920,
700921,
700922,
700923,
700924,
700925,
700926,
700927,
700928,
700929,
700930,
701001,
701002,
701003,
701004,
701005,
701006,
701007,
701008,
701009,
701010,
701011,
701012,
701013,
701014,
701015,
701016,
701017,
701018,
701019,
701020,
701021,
701022,
701023,
701024,
701025,
701026,
701027,
701028,
701029,
701030,
701031,
701101,
701102,
701103,
701104,
701105,
701106,
701107,
701108,
701109,
701110,
701111,
701112,
701113,
701114,
701115,
701116,
701117,
701118,
701119,
701120,
701121,
701122,
701123,
701124,
701125,
701126,
701127,
701128,
701129,
701130,
701201,
701202,
701203,
701204,
701205,
701206,
701207,
701208,
701209,
701210,
701211,
701212,
701213,
701214,
701215,
701216,
701217,
701218,
701219,
701220,
701221,
701222,
701223,
701224,
701225,
701226,
701227,
701228,
701229,
701230,
701231,
710101,
710102,
710103,
710104,
710105,
710106,
710107,
710108,
710109,
710110,
710111,
710112,
710113,
710114,
710115,
710116,
710117,
710118,
710119,
710120,
710121,
710122,
710123,
710124,
710125,
710126,
710127,
710128,
710129,
710130,
710131,
710201,
710202,
710203,
710204,
710205,
710206,
710207,
710208,
710209,
710210,
710211,
710212,
710213,
710214,
710215,
710216,
710217,
710218,
710219,
710220,
710221,
710222,
710223,
710224,
710225,
710226,
710227,
710228,
710301,
710302,
710303,
710304,
710305,
710306,
710307,
710308,
710309,
710310,
710311,
710312,
710313,
710314,
710315,
710316,
710317,
710318,
710319,
710320,
710321,
710322,
710323,
710324,
710325,
710326,
710327,
710328,
710329,
710330,
710331,
710401,
710402,
710403,
710404,
710405,
710406,
710407,
710408,
710409,
710410,
710411,
710412,
710413,
710414,
710415,
710416,
710417,
710418,
710419,
710420,
710421,
710422,
710423,
710424,
710425,
710426,
710427,
710428,
710429,
710430,
710501,
710502,
710503,
710504,
710505,
710506,
710507,
710508,
710509,
710510,
710511,
710512,
710513,
710514,
710515,
710516,
710517,
710518,
710519,
710520,
710521,
710522,
710523,
710524,
710525,
710526,
710527,
710528,
710529,
710530,
710531,
710601,
710602,
710603,
710604,
710605,
710606,
710607,
710608,
710609,
710610,
710611,
710612,
710613,
710614,
710615,
710616,
710617,
710618,
710619,
710620,
710621,
710622,
710623,
710624,
710625,
710626,
710627,
710628,
710629,
710630,
710701,
710702,
710703,
710704,
710705,
710706,
710707,
710708,
710709,
710710,
710711,
710712,
710713,
710714,
710715,
710716,
710717,
710718,
710719,
710720,
710721,
710722,
710723,
710724,
710725,
710726,
710727,
710728,
710729,
710730,
710731,
710801,
710802,
710803,
710804,
710805,
710806,
710807,
710808,
710809,
710810,
710811,
710812,
710813,
710814,
710815,
710816,
710817,
710818,
710819,
710820,
710821,
710822,
710823,
710824,
710825,
710826,
710827,
710828,
710829,
710830,
710831,
710901,
710902,
710903,
710904,
710905,
710906,
710907,
710908,
710909,
710910,
710911,
710912,
710913,
710914,
710915,
710916,
710917,
710918,
710919,
710920,
710921,
710922,
710923,
710924,
710925,
710926,
710927,
710928,
710929,
710930,
711001,
711002,
711003,
711004,
711005,
711006,
711007,
711008,
711009,
711010,
711011,
711012,
711013,
711014,
711015,
711016,
711017,
711018,
711019,
711020,
711021,
711022,
711023,
711024,
711025,
711026,
711027,
711028,
711029,
711030,
711031,
711101,
711102,
711103,
711104,
711105,
711106,
711107,
711108,
711109,
711110,
711111,
711112,
711113,
711114,
711115,
711116,
711117,
711118,
711119,
711120,
711121,
711122,
711123,
711124,
711125,
711126,
711127,
711128,
711129,
711130,
711201,
711202,
711203,
711204,
711205,
711206,
711207,
711208,
711209,
711210,
711211,
711212,
711213,
711214,
711215,
711216,
711217,
711218,
711219,
711220,
711221,
711222,
711223,
711224,
711225,
711226,
711227,
711228,
711229,
711230,
711231,
720101,
720102,
720103,
720104,
720105,
720106,
720107,
720108,
720109,
720110,
720111,
720112,
720113,
720114,
720115,
720116,
720117,
720118,
720119,
720120,
720121,
720122,
720123,
720124,
720125,
720126,
720127,
720128,
720129,
720130,
720131,
720201,
720202,
720203,
720204,
720205,
720206,
720207,
720208,
720209,
720210,
720211,
720212,
720213,
720214,
720215,
720216,
720217,
720218,
720219,
720220,
720221,
720222,
720223,
720224,
720225,
720226,
720227,
720228,
720229,
720301,
720302,
720303,
720304,
720305,
720306,
720307,
720308,
720309,
720310,
720311,
720312,
720313,
720314,
720315,
720316,
720317,
720318,
720319,
720320,
720321,
720322,
720323,
720324,
720325,
720326,
720327,
720328,
720329,
720330,
720331,
720401,
720402,
720403,
720404,
720405,
720406,
720407,
720408,
720409,
720410,
720411,
720412,
720413,
720414,
720415,
720416,
720417,
720418,
720419,
720420,
720421,
720422,
720423,
720424,
720425,
720426,
720427,
720428,
720429,
720430,
720501,
720502,
720503,
720504,
720505,
720506,
720507,
720508,
720509,
720510,
720511,
720512,
720513,
720514,
720515,
720516,
720517,
720518,
720519,
720520,
720521,
720522,
720523,
720524,
720525,
720526,
720527,
720528,
720529,
720530,
720531,
720601,
720602,
720603,
720604,
720605,
720606,
720607,
720608,
720609,
720610,
720611,
720612,
720613,
720614,
720615,
720616,
720617,
720618,
720619,
720620,
720621,
720622,
720623,
720624,
720625,
720626,
720627,
720628,
720629,
720630,
720701,
720702,
720703,
720704,
720705,
720706,
720707,
720708,
720709,
720710,
720711,
720712,
720713,
720714,
720715,
720716,
720717,
720718,
720719,
720720,
720721,
720722,
720723,
720724,
720725,
720726,
720727,
720728,
720729,
720730,
720731,
720801,
720802,
720803,
720804,
720805,
720806,
720807,
720808,
720809,
720810,
720811,
720812,
720813,
720814,
720815,
720816,
720817,
720818,
720819,
720820,
720821,
720822,
720823,
720824,
720825,
720826,
720827,
720828,
720829,
720830,
720831,
720901,
720902,
720903,
720904,
720905,
720906,
720907,
720908,
720909,
720910,
720911,
720912,
720913,
720914,
720915,
720916,
720917,
720918,
720919,
720920,
720921,
720922,
720923,
720924,
720925,
720926,
720927,
720928,
720929,
720930,
721001,
721002,
721003,
721004,
721005,
721006,
721007,
721008,
721009,
721010,
721011,
721012,
721013,
721014,
721015,
721016,
721017,
721018,
721019,
721020,
721021,
721022,
721023,
721024,
721025,
721026,
721027,
721028,
721029,
721030,
721031,
721101,
721102,
721103,
721104,
721105,
721106,
721107,
721108,
721109,
721110,
721111,
721112,
721113,
721114,
721115,
721116,
721117,
721118,
721119,
721120,
721121,
721122,
721123,
721124,
721125,
721126,
721127,
721128,
721129,
721130,
721201,
721202,
721203,
721204,
721205,
721206,
721207,
721208,
721209,
721210,
721211,
721212,
721213,
721214,
721215,
721216,
721217,
721218,
721219,
721220,
721221,
721222,
721223,
721224,
721225,
721226,
721227,
721228,
721229,
721230,
721231,
730101,
730102,
730103,
730104,
730105,
730106,
730107,
730108,
730109,
730110,
730111,
730112,
730113,
730114,
730115,
730116,
730117,
730118,
730119,
730120,
730121,
730122,
730123,
730124,
730125,
730126,
730127,
730128,
730129,
730130,
730131,
730201,
730202,
730203,
730204,
730205,
730206,
730207,
730208,
730209,
730210,
730211,
730212,
730213,
730214,
730215,
730216,
730217,
730218,
730219,
730220,
730221,
730222,
730223,
730224,
730225,
730226,
730227,
730228,
730301,
730302,
730303,
730304,
730305,
730306,
730307,
730308,
730309,
730310,
730311,
730312,
730313,
730314,
730315,
730316,
730317,
730318,
730319,
730320,
730321,
730322,
730323,
730324,
730325,
730326,
730327,
730328,
730329,
730330,
730331,
730401,
730402,
730403,
730404,
730405,
730406,
730407,
730408,
730409,
730410,
730411,
730412,
730413,
730414,
730415,
730416,
730417,
730418,
730419,
730420,
730421,
730422,
730423,
730424,
730425,
730426,
730427,
730428,
730429,
730430,
730501,
730502,
730503,
730504,
730505,
730506,
730507,
730508,
730509,
730510,
730511,
730512,
730513,
730514,
730515,
730516,
730517,
730518,
730519,
730520,
730521,
730522,
730523,
730524,
730525,
730526,
730527,
730528,
730529,
730530,
730531,
730601,
730602,
730603,
730604,
730605,
730606,
730607,
730608,
730609,
730610,
730611,
730612,
730613,
730614,
730615,
730616,
730617,
730618,
730619,
730620,
730621,
730622,
730623,
730624,
730625,
730626,
730627,
730628,
730629,
730630,
730701,
730702,
730703,
730704,
730705,
730706,
730707,
730708,
730709,
730710,
730711,
730712,
730713,
730714,
730715,
730716,
730717,
730718,
730719,
730720,
730721,
730722,
730723,
730724,
730725,
730726,
730727,
730728,
730729,
730730,
730731,
730801,
730802,
730803,
730804,
730805,
730806,
730807,
730808,
730809,
730810,
730811,
730812,
730813,
730814,
730815,
730816,
730817,
730818,
730819,
730820,
730821,
730822,
730823,
730824,
730825,
730826,
730827,
730828,
730829,
730830,
730831,
730901,
730902,
730903,
730904,
730905,
730906,
730907,
730908,
730909,
730910,
730911,
730912,
730913,
730914,
730915,
730916,
730917,
730918,
730919,
730920,
730921,
730922,
730923,
730924,
730925,
730926,
730927,
730928,
730929,
730930,
731001,
731002,
731003,
731004,
731005,
731006,
731007,
731008,
731009,
731010,
731011,
731012,
731013,
731014,
731015,
731016,
731017,
731018,
731019,
731020,
731021,
731022,
731023,
731024,
731025,
731026,
731027,
731028,
731029,
731030,
731031,
731101,
731102,
731103,
731104,
731105,
731106,
731107,
731108,
731109,
731110,
731111,
731112,
731113,
731114,
731115,
731116,
731117,
731118,
731119,
731120,
731121,
731122,
731123,
731124,
731125,
731126,
731127,
731128,
731129,
731130,
731201,
731202,
731203,
731204,
731205,
731206,
731207,
731208,
731209,
731210,
731211,
731212,
731213,
731214,
731215,
731216,
731217,
731218,
731219,
731220,
731221,
731222,
731223,
731224,
731225,
731226,
731227,
731228,
731229,
731230,
731231,
740101,
740102,
740103,
740104,
740105,
740106,
740107,
740108,
740109,
740110,
740111,
740112,
740113,
740114,
740115,
740116,
740117,
740118,
740119,
740120,
740121,
740122,
740123,
740124,
740125,
740126,
740127,
740128,
740129,
740130,
740131,
740201,
740202,
740203,
740204,
740205,
740206,
740207,
740208,
740209,
740210,
740211,
740212,
740213,
740214,
740215,
740216,
740217,
740218,
740219,
740220,
740221,
740222,
740223,
740224,
740225,
740226,
740227,
740228,
740301,
740302,
740303,
740304,
740305,
740306,
740307,
740308,
740309,
740310,
740311,
740312,
740313,
740314,
740315,
740316,
740317,
740318,
740319,
740320,
740321,
740322,
740323,
740324,
740325,
740326,
740327,
740328,
740329,
740330,
740331,
740401,
740402,
740403,
740404,
740405,
740406,
740407,
740408,
740409,
740410,
740411,
740412,
740413,
740414,
740415,
740416,
740417,
740418,
740419,
740420,
740421,
740422,
740423,
740424,
740425,
740426,
740427,
740428,
740429,
740430,
740501,
740502,
740503,
740504,
740505,
740506,
740507,
740508,
740509,
740510,
740511,
740512,
740513,
740514,
740515,
740516,
740517,
740518,
740519,
740520,
740521,
740522,
740523,
740524,
740525,
740526,
740527,
740528,
740529,
740530,
740531,
740601,
740602,
740603,
740604,
740605,
740606,
740607,
740608,
740609,
740610,
740611,
740612,
740613,
740614,
740615,
740616,
740617,
740618,
740619,
740620,
740621,
740622,
740623,
740624,
740625,
740626,
740627,
740628,
740629,
740630,
740701,
740702,
740703,
740704,
740705,
740706,
740707,
740708,
740709,
740710,
740711,
740712,
740713,
740714,
740715,
740716,
740717,
740718,
740719,
740720,
740721,
740722,
740723,
740724,
740725,
740726,
740727,
740728,
740729,
740730,
740731,
740801,
740802,
740803,
740804,
740805,
740806,
740807,
740808,
740809,
740810,
740811,
740812,
740813,
740814,
740815,
740816,
740817,
740818,
740819,
740820,
740821,
740822,
740823,
740824,
740825,
740826,
740827,
740828,
740829,
740830,
740831,
740901,
740902,
740903,
740904,
740905,
740906,
740907,
740908,
740909,
740910,
740911,
740912,
740913,
740914,
740915,
740916,
740917,
740918,
740919,
740920,
740921,
740922,
740923,
740924,
740925,
740926,
740927,
740928,
740929,
740930,
741001,
741002,
741003,
741004,
741005,
741006,
741007,
741008,
741009,
741010,
741011,
741012,
741013,
741014,
741015,
741016,
741017,
741018,
741019,
741020,
741021,
741022,
741023,
741024,
741025,
741026,
741027,
741028,
741029,
741030,
741031,
741101,
741102,
741103,
741104,
741105,
741106,
741107,
741108,
741109,
741110,
741111,
741112,
741113,
741114,
741115,
741116,
741117,
741118,
741119,
741120,
741121,
741122,
741123,
741124,
741125,
741126,
741127,
741128,
741129,
741130,
741201,
741202,
741203,
741204,
741205,
741206,
741207,
741208,
741209,
741210,
741211,
741212,
741213,
741214,
741215,
741216,
741217,
741218,
741219,
741220,
741221,
741222,
741223,
741224,
741225,
741226,
741227,
741228,
741229,
741230,
741231,
750101,
750102,
750103,
750104,
750105,
750106,
750107,
750108,
750109,
750110,
750111,
750112,
750113,
750114,
750115,
750116,
750117,
750118,
750119,
750120,
750121,
750122,
750123,
750124,
750125,
750126,
750127,
750128,
750129,
750130,
750131,
750201,
750202,
750203,
750204,
750205,
750206,
750207,
750208,
750209,
750210,
750211,
750212,
750213,
750214,
750215,
750216,
750217,
750218,
750219,
750220,
750221,
750222,
750223,
750224,
750225,
750226,
750227,
750228,
750301,
750302,
750303,
750304,
750305,
750306,
750307,
750308,
750309,
750310,
750311,
750312,
750313,
750314,
750315,
750316,
750317,
750318,
750319,
750320,
750321,
750322,
750323,
750324,
750325,
750326,
750327,
750328,
750329,
750330,
750331,
750401,
750402,
750403,
750404,
750405,
750406,
750407,
750408,
750409,
750410,
750411,
750412,
750413,
750414,
750415,
750416,
750417,
750418,
750419,
750420,
750421,
750422,
750423,
750424,
750425,
750426,
750427,
750428,
750429,
750430,
750501,
750502,
750503,
750504,
750505,
750506,
750507,
750508,
750509,
750510,
750511,
750512,
750513,
750514,
750515,
750516,
750517,
750518,
750519,
750520,
750521,
750522,
750523,
750524,
750525,
750526,
750527,
750528,
750529,
750530,
750531,
750601,
750602,
750603,
750604,
750605,
750606,
750607,
750608,
750609,
750610,
750611,
750612,
750613,
750614,
750615,
750616,
750617,
750618,
750619,
750620,
750621,
750622,
750623,
750624,
750625,
750626,
750627,
750628,
750629,
750630,
750701,
750702,
750703,
750704,
750705,
750706,
750707,
750708,
750709,
750710,
750711,
750712,
750713,
750714,
750715,
750716,
750717,
750718,
750719,
750720,
750721,
750722,
750723,
750724,
750725,
750726,
750727,
750728,
750729,
750730,
750731,
750801,
750802,
750803,
750804,
750805,
750806,
750807,
750808,
750809,
750810,
750811,
750812,
750813,
750814,
750815,
750816,
750817,
750818,
750819,
750820,
750821,
750822,
750823,
750824,
750825,
750826,
750827,
750828,
750829,
750830,
750831,
750901,
750902,
750903,
750904,
750905,
750906,
750907,
750908,
750909,
750910,
750911,
750912,
750913,
750914,
750915,
750916,
750917,
750918,
750919,
750920,
750921,
750922,
750923,
750924,
750925,
750926,
750927,
750928,
750929,
750930,
751001,
751002,
751003,
751004,
751005,
751006,
751007,
751008,
751009,
751010,
751011,
751012,
751013,
751014,
751015,
751016,
751017,
751018,
751019,
751020,
751021,
751022,
751023,
751024,
751025,
751026,
751027,
751028,
751029,
751030,
751031,
751101,
751102,
751103,
751104,
751105,
751106,
751107,
751108,
751109,
751110,
751111,
751112,
751113,
751114,
751115,
751116,
751117,
751118,
751119,
751120,
751121,
751122,
751123,
751124,
751125,
751126,
751127,
751128,
751129,
751130,
751201,
751202,
751203,
751204,
751205,
751206,
751207,
751208,
751209,
751210,
751211,
751212,
751213,
751214,
751215,
751216,
751217,
751218,
751219,
751220,
751221,
751222,
751223,
751224,
751225,
751226,
751227,
751228,
751229,
751230,
751231,
760101,
760102,
760103,
760104,
760105,
760106,
760107,
760108,
760109,
760110,
760111,
760112,
760113,
760114,
760115,
760116,
760117,
760118,
760119,
760120,
760121,
760122,
760123,
760124,
760125,
760126,
760127,
760128,
760129,
760130,
760131,
760201,
760202,
760203,
760204,
760205,
760206,
760207,
760208,
760209,
760210,
760211,
760212,
760213,
760214,
760215,
760216,
760217,
760218,
760219,
760220,
760221,
760222,
760223,
760224,
760225,
760226,
760227,
760228,
760229,
760301,
760302,
760303,
760304,
760305,
760306,
760307,
760308,
760309,
760310,
760311,
760312,
760313,
760314,
760315,
760316,
760317,
760318,
760319,
760320,
760321,
760322,
760323,
760324,
760325,
760326,
760327,
760328,
760329,
760330,
760331,
760401,
760402,
760403,
760404,
760405,
760406,
760407,
760408,
760409,
760410,
760411,
760412,
760413,
760414,
760415,
760416,
760417,
760418,
760419,
760420,
760421,
760422,
760423,
760424,
760425,
760426,
760427,
760428,
760429,
760430,
760501,
760502,
760503,
760504,
760505,
760506,
760507,
760508,
760509,
760510,
760511,
760512,
760513,
760514,
760515,
760516,
760517,
760518,
760519,
760520,
760521,
760522,
760523,
760524,
760525,
760526,
760527,
760528,
760529,
760530,
760531,
760601,
760602,
760603,
760604,
760605,
760606,
760607,
760608,
760609,
760610,
760611,
760612,
760613,
760614,
760615,
760616,
760617,
760618,
760619,
760620,
760621,
760622,
760623,
760624,
760625,
760626,
760627,
760628,
760629,
760630,
760701,
760702,
760703,
760704,
760705,
760706,
760707,
760708,
760709,
760710,
760711,
760712,
760713,
760714,
760715,
760716,
760717,
760718,
760719,
760720,
760721,
760722,
760723,
760724,
760725,
760726,
760727,
760728,
760729,
760730,
760731,
760801,
760802,
760803,
760804,
760805,
760806,
760807,
760808,
760809,
760810,
760811,
760812,
760813,
760814,
760815,
760816,
760817,
760818,
760819,
760820,
760821,
760822,
760823,
760824,
760825,
760826,
760827,
760828,
760829,
760830,
760831,
760901,
760902,
760903,
760904,
760905,
760906,
760907,
760908,
760909,
760910,
760911,
760912,
760913,
760914,
760915,
760916,
760917,
760918,
760919,
760920,
760921,
760922,
760923,
760924,
760925,
760926,
760927,
760928,
760929,
760930,
761001,
761002,
761003,
761004,
761005,
761006,
761007,
761008,
761009,
761010,
761011,
761012,
761013,
761014,
761015,
761016,
761017,
761018,
761019,
761020,
761021,
761022,
761023,
761024,
761025,
761026,
761027,
761028,
761029,
761030,
761031,
761101,
761102,
761103,
761104,
761105,
761106,
761107,
761108,
761109,
761110,
761111,
761112,
761113,
761114,
761115,
761116,
761117,
761118,
761119,
761120,
761121,
761122,
761123,
761124,
761125,
761126,
761127,
761128,
761129,
761130,
761201,
761202,
761203,
761204,
761205,
761206,
761207,
761208,
761209,
761210,
761211,
761212,
761213,
761214,
761215,
761216,
761217,
761218,
761219,
761220,
761221,
761222,
761223,
761224,
761225,
761226,
761227,
761228,
761229,
761230,
761231,
770101,
770102,
770103,
770104,
770105,
770106,
770107,
770108,
770109,
770110,
770111,
770112,
770113,
770114,
770115,
770116,
770117,
770118,
770119,
770120,
770121,
770122,
770123,
770124,
770125,
770126,
770127,
770128,
770129,
770130,
770131,
770201,
770202,
770203,
770204,
770205,
770206,
770207,
770208,
770209,
770210,
770211,
770212,
770213,
770214,
770215,
770216,
770217,
770218,
770219,
770220,
770221,
770222,
770223,
770224,
770225,
770226,
770227,
770228,
770301,
770302,
770303,
770304,
770305,
770306,
770307,
770308,
770309,
770310,
770311,
770312,
770313,
770314,
770315,
770316,
770317,
770318,
770319,
770320,
770321,
770322,
770323,
770324,
770325,
770326,
770327,
770328,
770329,
770330,
770331,
770401,
770402,
770403,
770404,
770405,
770406,
770407,
770408,
770409,
770410,
770411,
770412,
770413,
770414,
770415,
770416,
770417,
770418,
770419,
770420,
770421,
770422,
770423,
770424,
770425,
770426,
770427,
770428,
770429,
770430,
770501,
770502,
770503,
770504,
770505,
770506,
770507,
770508,
770509,
770510,
770511,
770512,
770513,
770514,
770515,
770516,
770517,
770518,
770519,
770520,
770521,
770522,
770523,
770524,
770525,
770526,
770527,
770528,
770529,
770530,
770531,
770601,
770602,
770603,
770604,
770605,
770606,
770607,
770608,
770609,
770610,
770611,
770612,
770613,
770614,
770615,
770616,
770617,
770618,
770619,
770620,
770621,
770622,
770623,
770624,
770625,
770626,
770627,
770628,
770629,
770630,
770701,
770702,
770703,
770704,
770705,
770706,
770707,
770708,
770709,
770710,
770711,
770712,
770713,
770714,
770715,
770716,
770717,
770718,
770719,
770720,
770721,
770722,
770723,
770724,
770725,
770726,
770727,
770728,
770729,
770730,
770731,
770801,
770802,
770803,
770804,
770805,
770806,
770807,
770808,
770809,
770810,
770811,
770812,
770813,
770814,
770815,
770816,
770817,
770818,
770819,
770820,
770821,
770822,
770823,
770824,
770825,
770826,
770827,
770828,
770829,
770830,
770831,
770901,
770902,
770903,
770904,
770905,
770906,
770907,
770908,
770909,
770910,
770911,
770912,
770913,
770914,
770915,
770916,
770917,
770918,
770919,
770920,
770921,
770922,
770923,
770924,
770925,
770926,
770927,
770928,
770929,
770930,
771001,
771002,
771003,
771004,
771005,
771006,
771007,
771008,
771009,
771010,
771011,
771012,
771013,
771014,
771015,
771016,
771017,
771018,
771019,
771020,
771021,
771022,
771023,
771024,
771025,
771026,
771027,
771028,
771029,
771030,
771031,
771101,
771102,
771103,
771104,
771105,
771106,
771107,
771108,
771109,
771110,
771111,
771112,
771113,
771114,
771115,
771116,
771117,
771118,
771119,
771120,
771121,
771122,
771123,
771124,
771125,
771126,
771127,
771128,
771129,
771130,
771201,
771202,
771203,
771204,
771205,
771206,
771207,
771208,
771209,
771210,
771211,
771212,
771213,
771214,
771215,
771216,
771217,
771218,
771219,
771220,
771221,
771222,
771223,
771224,
771225,
771226,
771227,
771228,
771229,
771230,
771231,
780101,
780102,
780103,
780104,
780105,
780106,
780107,
780108,
780109,
780110,
780111,
780112,
780113,
780114,
780115,
780116,
780117,
780118,
780119,
780120,
780121,
780122,
780123,
780124,
780125,
780126,
780127,
780128,
780129,
780130,
780131,
780201,
780202,
780203,
780204,
780205,
780206,
780207,
780208,
780209,
780210,
780211,
780212,
780213,
780214,
780215,
780216,
780217,
780218,
780219,
780220,
780221,
780222,
780223,
780224,
780225,
780226,
780227,
780228,
780301,
780302,
780303,
780304,
780305,
780306,
780307,
780308,
780309,
780310,
780311,
780312,
780313,
780314,
780315,
780316,
780317,
780318,
780319,
780320,
780321,
780322,
780323,
780324,
780325,
780326,
780327,
780328,
780329,
780330,
780331,
780401,
780402,
780403,
780404,
780405,
780406,
780407,
780408,
780409,
780410,
780411,
780412,
780413,
780414,
780415,
780416,
780417,
780418,
780419,
780420,
780421,
780422,
780423,
780424,
780425,
780426,
780427,
780428,
780429,
780430,
780501,
780502,
780503,
780504,
780505,
780506,
780507,
780508,
780509,
780510,
780511,
780512,
780513,
780514,
780515,
780516,
780517,
780518,
780519,
780520,
780521,
780522,
780523,
780524,
780525,
780526,
780527,
780528,
780529,
780530,
780531,
780601,
780602,
780603,
780604,
780605,
780606,
780607,
780608,
780609,
780610,
780611,
780612,
780613,
780614,
780615,
780616,
780617,
780618,
780619,
780620,
780621,
780622,
780623,
780624,
780625,
780626,
780627,
780628,
780629,
780630,
780701,
780702,
780703,
780704,
780705,
780706,
780707,
780708,
780709,
780710,
780711,
780712,
780713,
780714,
780715,
780716,
780717,
780718,
780719,
780720,
780721,
780722,
780723,
780724,
780725,
780726,
780727,
780728,
780729,
780730,
780731,
780801,
780802,
780803,
780804,
780805,
780806,
780807,
780808,
780809,
780810,
780811,
780812,
780813,
780814,
780815,
780816,
780817,
780818,
780819,
780820,
780821,
780822,
780823,
780824,
780825,
780826,
780827,
780828,
780829,
780830,
780831,
780901,
780902,
780903,
780904,
780905,
780906,
780907,
780908,
780909,
780910,
780911,
780912,
780913,
780914,
780915,
780916,
780917,
780918,
780919,
780920,
780921,
780922,
780923,
780924,
780925,
780926,
780927,
780928,
780929,
780930,
781001,
781002,
781003,
781004,
781005,
781006,
781007,
781008,
781009,
781010,
781011,
781012,
781013,
781014,
781015,
781016,
781017,
781018,
781019,
781020,
781021,
781022,
781023,
781024,
781025,
781026,
781027,
781028,
781029,
781030,
781031,
781101,
781102,
781103,
781104,
781105,
781106,
781107,
781108,
781109,
781110,
781111,
781112,
781113,
781114,
781115,
781116,
781117,
781118,
781119,
781120,
781121,
781122,
781123,
781124,
781125,
781126,
781127,
781128,
781129,
781130,
781201,
781202,
781203,
781204,
781205,
781206,
781207,
781208,
781209,
781210,
781211,
781212,
781213,
781214,
781215,
781216,
781217,
781218,
781219,
781220,
781221,
781222,
781223,
781224,
781225,
781226,
781227,
781228,
781229,
781230,
781231,
790101,
790102,
790103,
790104,
790105,
790106,
790107,
790108,
790109,
790110,
790111,
790112,
790113,
790114,
790115,
790116,
790117,
790118,
790119,
790120,
790121,
790122,
790123,
790124,
790125,
790126,
790127,
790128,
790129,
790130,
790131,
790201,
790202,
790203,
790204,
790205,
790206,
790207,
790208,
790209,
790210,
790211,
790212,
790213,
790214,
790215,
790216,
790217,
790218,
790219,
790220,
790221,
790222,
790223,
790224,
790225,
790226,
790227,
790228,
790301,
790302,
790303,
790304,
790305,
790306,
790307,
790308,
790309,
790310,
790311,
790312,
790313,
790314,
790315,
790316,
790317,
790318,
790319,
790320,
790321,
790322,
790323,
790324,
790325,
790326,
790327,
790328,
790329,
790330,
790331,
790401,
790402,
790403,
790404,
790405,
790406,
790407,
790408,
790409,
790410,
790411,
790412,
790413,
790414,
790415,
790416,
790417,
790418,
790419,
790420,
790421,
790422,
790423,
790424,
790425,
790426,
790427,
790428,
790429,
790430,
790501,
790502,
790503,
790504,
790505,
790506,
790507,
790508,
790509,
790510,
790511,
790512,
790513,
790514,
790515,
790516,
790517,
790518,
790519,
790520,
790521,
790522,
790523,
790524,
790525,
790526,
790527,
790528,
790529,
790530,
790531,
790601,
790602,
790603,
790604,
790605,
790606,
790607,
790608,
790609,
790610,
790611,
790612,
790613,
790614,
790615,
790616,
790617,
790618,
790619,
790620,
790621,
790622,
790623,
790624,
790625,
790626,
790627,
790628,
790629,
790630,
790701,
790702,
790703,
790704,
790705,
790706,
790707,
790708,
790709,
790710,
790711,
790712,
790713,
790714,
790715,
790716,
790717,
790718,
790719,
790720,
790721,
790722,
790723,
790724,
790725,
790726,
790727,
790728,
790729,
790730,
790731,
790801,
790802,
790803,
790804,
790805,
790806,
790807,
790808,
790809,
790810,
790811,
790812,
790813,
790814,
790815,
790816,
790817,
790818,
790819,
790820,
790821,
790822,
790823,
790824,
790825,
790826,
790827,
790828,
790829,
790830,
790831,
790901,
790902,
790903,
790904,
790905,
790906,
790907,
790908,
790909,
790910,
790911,
790912,
790913,
790914,
790915,
790916,
790917,
790918,
790919,
790920,
790921,
790922,
790923,
790924,
790925,
790926,
790927,
790928,
790929,
790930,
791001,
791002,
791003,
791004,
791005,
791006,
791007,
791008,
791009,
791010,
791011,
791012,
791013,
791014,
791015,
791016,
791017,
791018,
791019,
791020,
791021,
791022,
791023,
791024,
791025,
791026,
791027,
791028,
791029,
791030,
791031,
791101,
791102,
791103,
791104,
791105,
791106,
791107,
791108,
791109,
791110,
791111,
791112,
791113,
791114,
791115,
791116,
791117,
791118,
791119,
791120,
791121,
791122,
791123,
791124,
791125,
791126,
791127,
791128,
791129,
791130,
791201,
791202,
791203,
791204,
791205,
791206,
791207,
791208,
791209,
791210,
791211,
791212,
791213,
791214,
791215,
791216,
791217,
791218,
791219,
791220,
791221,
791222,
791223,
791224,
791225,
791226,
791227,
791228,
791229,
791230,
791231,
